<?xml version="1.0" encoding="UTF-8" standalone="yes"?>
<data-set xmlns:xsi="http://www.w3.org/2001/XMLSchema-instance">
	<Shape nos="1">
		<ShapeID>fig001</ShapeID>
		<Name>Triangle</Name>
		<Description>Equilateral</Description>
		<sides>3</sides>
		<curvedSide>N</curvedSide>
		<equalSidePair>3</equalSidePair>
		<equalSides>3</equalSides>
		<allSideEqual>Y</allSideEqual>
		<rightAngle>0</rightAngle>
		<obtuseAngle>0</obtuseAngle>
		<acuteAngle>3</acuteAngle>
		<reflexAngle>0</reflexAngle>
		<equalAngles>3</equalAngles>
		<allAnglesEqual>Y</allAnglesEqual>
		<pairsParallelSides>0</pairsParallelSides>
		<noAngles>3</noAngles>
		<StageUsed>1</StageUsed>
	</Shape>
	<Shape nos="2">
		<ShapeID>fig002</ShapeID>
		<Name>Triangle</Name>
		<Description>Isosceles acute angled</Description>
		<sides>3</sides>
		<curvedSide>N</curvedSide>
		<equalSidePair>1</equalSidePair>
		<equalSides>2</equalSides>
		<allSideEqual>N</allSideEqual>
		<rightAngle>0</rightAngle>
		<obtuseAngle>0</obtuseAngle>
		<acuteAngle>3</acuteAngle>
		<reflexAngle>0</reflexAngle>
		<equalAngles>2</equalAngles>
		<allAnglesEqual>N</allAnglesEqual>
		<pairsParallelSides>0</pairsParallelSides>
		<noAngles>3</noAngles>
		<StageUsed>2</StageUsed>
	</Shape>
	<Shape nos="3">
		<ShapeID>fig003</ShapeID>
		<Name>Triangle</Name>
		<Description>Isosceles right angled</Description>
		<sides>3</sides>
		<curvedSide>N</curvedSide>
		<equalSidePair>1</equalSidePair>
		<equalSides>2</equalSides>
		<allSideEqual>N</allSideEqual>
		<rightAngle>1</rightAngle>
		<obtuseAngle>0</obtuseAngle>
		<acuteAngle>2</acuteAngle>
		<reflexAngle>0</reflexAngle>
		<equalAngles>2</equalAngles>
		<allAnglesEqual>N</allAnglesEqual>
		<pairsParallelSides>0</pairsParallelSides>
		<noAngles>3</noAngles>
		<StageUsed>2</StageUsed>
	</Shape>
	<Shape nos="4">
		<ShapeID>fig004</ShapeID>
		<Name>Triangle</Name>
		<Description>Isosceles obtuse angled</Description>
		<sides>3</sides>
		<curvedSide>N</curvedSide>
		<equalSidePair>1</equalSidePair>
		<equalSides>2</equalSides>
		<allSideEqual>N</allSideEqual>
		<rightAngle>0</rightAngle>
		<obtuseAngle>1</obtuseAngle>
		<acuteAngle>2</acuteAngle>
		<reflexAngle>0</reflexAngle>
		<equalAngles>2</equalAngles>
		<allAnglesEqual>N</allAnglesEqual>
		<pairsParallelSides>0</pairsParallelSides>
		<noAngles>3</noAngles>
		<StageUsed>2</StageUsed>
	</Shape>
	<Shape nos="5">
		<ShapeID>fig005</ShapeID>
		<Name>Triangle</Name>
		<Description>Scalene acute angled</Description>
		<sides>3</sides>
		<curvedSide>N</curvedSide>
		<equalSidePair>0</equalSidePair>
		<equalSides>0</equalSides>
		<allSideEqual>N</allSideEqual>
		<rightAngle>0</rightAngle>
		<obtuseAngle>0</obtuseAngle>
		<acuteAngle>3</acuteAngle>
		<reflexAngle>0</reflexAngle>
		<equalAngles>0</equalAngles>
		<allAnglesEqual>N</allAnglesEqual>
		<pairsParallelSides>0</pairsParallelSides>
		<noAngles>3</noAngles>
		<StageUsed>2</StageUsed>
	</Shape>
	<Shape nos="6">
		<ShapeID>fig006</ShapeID>
		<Name>Triangle</Name>
		<Description>Scalene right angled</Description>
		<sides>3</sides>
		<curvedSide>N</curvedSide>
		<equalSidePair>0</equalSidePair>
		<equalSides>0</equalSides>
		<allSideEqual>N</allSideEqual>
		<rightAngle>1</rightAngle>
		<obtuseAngle>0</obtuseAngle>
		<acuteAngle>2</acuteAngle>
		<reflexAngle>0</reflexAngle>
		<equalAngles>0</equalAngles>
		<allAnglesEqual>N</allAnglesEqual>
		<pairsParallelSides>0</pairsParallelSides>
		<noAngles>3</noAngles>
		<StageUsed>2</StageUsed>
	</Shape>
	<Shape nos="7">
		<ShapeID>fig007</ShapeID>
		<Name>Triangle</Name>
		<Description>Scalene obtuse angled</Description>
		<sides>3</sides>
		<curvedSide>N</curvedSide>
		<equalSidePair>0</equalSidePair>
		<equalSides>0</equalSides>
		<allSideEqual>N</allSideEqual>
		<rightAngle>0</rightAngle>
		<obtuseAngle>1</obtuseAngle>
		<acuteAngle>2</acuteAngle>
		<reflexAngle>0</reflexAngle>
		<equalAngles>0</equalAngles>
		<allAnglesEqual>N</allAnglesEqual>
		<pairsParallelSides>0</pairsParallelSides>
		<noAngles>3</noAngles>
		<StageUsed>42371</StageUsed>
	</Shape>
	<Shape nos="8">
		<ShapeID>fig008</ShapeID>
		<Name>Quadrilateral</Name>
		<Description>Concave, 2 pairs of sides equal</Description>
		<sides>4</sides>
		<curvedSide>N</curvedSide>
		<equalSidePair>2</equalSidePair>
		<equalSides>NA</equalSides>
		<allSideEqual>N</allSideEqual>
		<rightAngle>0</rightAngle>
		<obtuseAngle>0</obtuseAngle>
		<acuteAngle>3</acuteAngle>
		<reflexAngle>1</reflexAngle>
		<equalAngles>2</equalAngles>
		<allAnglesEqual>N</allAnglesEqual>
		<pairsParallelSides>0</pairsParallelSides>
		<noAngles>4</noAngles>
		<StageUsed>42372</StageUsed>
	</Shape>
	<Shape nos="9">
		<ShapeID>fig009</ShapeID>
		<Name>Quadrilateral</Name>
		<Description>Concave, 1 pair of sides equal</Description>
		<sides>4</sides>
		<curvedSide>N</curvedSide>
		<equalSidePair>1</equalSidePair>
		<equalSides>2</equalSides>
		<allSideEqual>N</allSideEqual>
		<rightAngle>0</rightAngle>
		<obtuseAngle>0</obtuseAngle>
		<acuteAngle>3</acuteAngle>
		<reflexAngle>1</reflexAngle>
		<equalAngles>0</equalAngles>
		<allAnglesEqual>N</allAnglesEqual>
		<pairsParallelSides>0</pairsParallelSides>
		<noAngles>4</noAngles>
	</Shape>
	<Shape nos="10">
		<ShapeID>fig010</ShapeID>
		<Name>Quadrilateral</Name>
		<Description>Concave, no sides equal</Description>
		<sides>4</sides>
		<curvedSide>N</curvedSide>
		<equalSidePair>0</equalSidePair>
		<equalSides>0</equalSides>
		<allSideEqual>N</allSideEqual>
		<rightAngle>0</rightAngle>
		<obtuseAngle>0</obtuseAngle>
		<acuteAngle>3</acuteAngle>
		<reflexAngle>1</reflexAngle>
		<equalAngles>0</equalAngles>
		<allAnglesEqual>N</allAnglesEqual>
		<pairsParallelSides>0</pairsParallelSides>
		<noAngles>4</noAngles>
		<StageUsed>3</StageUsed>
	</Shape>
	<Shape nos="11">
		<ShapeID>fig011</ShapeID>
		<Name>Quadrilateral</Name>
		<Description>Concave, 2 pairs of sides equal, right angle</Description>
		<sides>4</sides>
		<curvedSide>N</curvedSide>
		<equalSidePair>2</equalSidePair>
		<equalSides>NA</equalSides>
		<allSideEqual>N</allSideEqual>
		<rightAngle>1</rightAngle>
		<obtuseAngle>0</obtuseAngle>
		<acuteAngle>2</acuteAngle>
		<reflexAngle>1</reflexAngle>
		<equalAngles>2</equalAngles>
		<allAnglesEqual>N</allAnglesEqual>
		<pairsParallelSides>0</pairsParallelSides>
		<noAngles>4</noAngles>
		<StageUsed>3</StageUsed>
	</Shape>
	<Shape nos="12">
		<ShapeID>fig012</ShapeID>
		<Name>Quadrilateral</Name>
		<Description>Concave, 1 pair of sides equal, right angle</Description>
		<sides>4</sides>
		<curvedSide>N</curvedSide>
		<equalSidePair>1</equalSidePair>
		<equalSides>2</equalSides>
		<allSideEqual>N</allSideEqual>
		<rightAngle>1</rightAngle>
		<obtuseAngle>0</obtuseAngle>
		<acuteAngle>2</acuteAngle>
		<reflexAngle>1</reflexAngle>
		<equalAngles>0</equalAngles>
		<allAnglesEqual>N</allAnglesEqual>
		<pairsParallelSides>0</pairsParallelSides>
		<noAngles>4</noAngles>
	</Shape>
	<Shape nos="13">
		<ShapeID>fig013</ShapeID>
		<Name>Quadrilateral</Name>
		<Description>Concave, no pairs sides equal, right angle</Description>
		<sides>4</sides>
		<curvedSide>N</curvedSide>
		<equalSidePair>0</equalSidePair>
		<equalSides>0</equalSides>
		<allSideEqual>N</allSideEqual>
		<rightAngle>1</rightAngle>
		<obtuseAngle>0</obtuseAngle>
		<acuteAngle>2</acuteAngle>
		<reflexAngle>1</reflexAngle>
		<equalAngles>0</equalAngles>
		<allAnglesEqual>N</allAnglesEqual>
		<pairsParallelSides>0</pairsParallelSides>
		<noAngles>4</noAngles>
	</Shape>
	<Shape nos="14">
		<ShapeID>fig014</ShapeID>
		<Name>Quadrilateral</Name>
		<Description>Concave, 2 pairs of sides equal, obtuse angle</Description>
		<sides>4</sides>
		<curvedSide>N</curvedSide>
		<equalSidePair>2</equalSidePair>
		<equalSides>NA</equalSides>
		<allSideEqual>N</allSideEqual>
		<rightAngle>0</rightAngle>
		<obtuseAngle>1</obtuseAngle>
		<acuteAngle>2</acuteAngle>
		<reflexAngle>1</reflexAngle>
		<equalAngles>2</equalAngles>
		<allAnglesEqual>N</allAnglesEqual>
		<pairsParallelSides>0</pairsParallelSides>
		<noAngles>4</noAngles>
	</Shape>
	<Shape nos="15">
		<ShapeID>fig015</ShapeID>
		<Name>Quadrilateral</Name>
		<Description>Concave, 1 pair of sides equal, obtuse angle</Description>
		<sides>4</sides>
		<curvedSide>N</curvedSide>
		<equalSidePair>1</equalSidePair>
		<equalSides>2</equalSides>
		<allSideEqual>N</allSideEqual>
		<rightAngle>0</rightAngle>
		<obtuseAngle>1</obtuseAngle>
		<acuteAngle>2</acuteAngle>
		<reflexAngle>1</reflexAngle>
		<equalAngles>0</equalAngles>
		<allAnglesEqual>N</allAnglesEqual>
		<pairsParallelSides>0</pairsParallelSides>
		<noAngles>4</noAngles>
		<StageUsed>1</StageUsed>
	</Shape>
	<Shape nos="16">
		<ShapeID>fig016</ShapeID>
		<Name>Quadrilateral</Name>
		<Description>Convex, 1 pair of  sides equal, no parallel sides, 1 right angle</Description>
		<sides>4</sides>
		<curvedSide>N</curvedSide>
		<equalSidePair>1</equalSidePair>
		<equalSides>2</equalSides>
		<allSideEqual>N</allSideEqual>
		<rightAngle>1</rightAngle>
		<obtuseAngle>2</obtuseAngle>
		<acuteAngle>1</acuteAngle>
		<reflexAngle>0</reflexAngle>
		<equalAngles>0</equalAngles>
		<allAnglesEqual>N</allAnglesEqual>
		<pairsParallelSides>0</pairsParallelSides>
		<noAngles>4</noAngles>
		<StageUsed>3</StageUsed>
	</Shape>
	<Shape nos="17">
		<ShapeID>fig017</ShapeID>
		<Name>Quadrilateral</Name>
		<Description>Convex, no pair of sides equal, no parallel sides, 1 right angle</Description>
		<sides>4</sides>
		<curvedSide>N</curvedSide>
		<equalSidePair>0</equalSidePair>
		<equalSides>0</equalSides>
		<allSideEqual>N</allSideEqual>
		<rightAngle>1</rightAngle>
		<obtuseAngle>2</obtuseAngle>
		<acuteAngle>1</acuteAngle>
		<reflexAngle>0</reflexAngle>
		<equalAngles>0</equalAngles>
		<allAnglesEqual>N</allAnglesEqual>
		<pairsParallelSides>0</pairsParallelSides>
		<noAngles>4</noAngles>
	</Shape>
	<Shape nos="18">
		<ShapeID>fig018</ShapeID>
		<Name>Quadrilateral</Name>
		<Description>Convex,no pair of sides equal, no parallel sides, no right angle</Description>
		<sides>4</sides>
		<curvedSide>N</curvedSide>
		<equalSidePair>0</equalSidePair>
		<equalSides>0</equalSides>
		<allSideEqual>N</allSideEqual>
		<rightAngle>0</rightAngle>
		<obtuseAngle>2</obtuseAngle>
		<acuteAngle>2</acuteAngle>
		<reflexAngle>0</reflexAngle>
		<equalAngles>0</equalAngles>
		<allAnglesEqual>N</allAnglesEqual>
		<pairsParallelSides>0</pairsParallelSides>
		<noAngles>4</noAngles>
	</Shape>
	<Shape nos="19">
		<ShapeID>fig019</ShapeID>
		<Name>Quadrilateral</Name>
		<Description>Trapezium, 1 pair of sides equal, no right angle</Description>
		<sides>4</sides>
		<curvedSide>N</curvedSide>
		<equalSidePair>1</equalSidePair>
		<equalSides>2</equalSides>
		<allSideEqual>N</allSideEqual>
		<rightAngle>0</rightAngle>
		<obtuseAngle>2</obtuseAngle>
		<acuteAngle>2</acuteAngle>
		<reflexAngle>0</reflexAngle>
		<equalAngles>NA</equalAngles>
		<allAnglesEqual>N</allAnglesEqual>
		<pairsParallelSides>1</pairsParallelSides>
		<noAngles>4</noAngles>
		<StageUsed>42372</StageUsed>
	</Shape>
	<Shape nos="20">
		<ShapeID>fig020</ShapeID>
		<Name>Quadrilateral</Name>
		<Description>Trapezium, 1 pair of  sides equal, 2 right angles</Description>
		<sides>4</sides>
		<curvedSide>N</curvedSide>
		<equalSidePair>1</equalSidePair>
		<equalSides>2</equalSides>
		<allSideEqual>N</allSideEqual>
		<rightAngle>2</rightAngle>
		<obtuseAngle>1</obtuseAngle>
		<acuteAngle>1</acuteAngle>
		<reflexAngle>0</reflexAngle>
		<equalAngles>2</equalAngles>
		<allAnglesEqual>N</allAnglesEqual>
		<pairsParallelSides>1</pairsParallelSides>
		<noAngles>4</noAngles>
		<StageUsed>42372</StageUsed>
	</Shape>
	<Shape nos="21">
		<ShapeID>fig021</ShapeID>
		<Name>Quadrilateral</Name>
		<Description>Trapezium, no sides equal, 2 right angles</Description>
		<sides>4</sides>
		<curvedSide>N</curvedSide>
		<equalSidePair>0</equalSidePair>
		<equalSides>0</equalSides>
		<allSideEqual>N</allSideEqual>
		<rightAngle>2</rightAngle>
		<obtuseAngle>1</obtuseAngle>
		<acuteAngle>1</acuteAngle>
		<reflexAngle>0</reflexAngle>
		<equalAngles>2</equalAngles>
		<allAnglesEqual>N</allAnglesEqual>
		<pairsParallelSides>1</pairsParallelSides>
		<noAngles>4</noAngles>
		<StageUsed>2</StageUsed>
	</Shape>
	<Shape nos="22">
		<ShapeID>fig022</ShapeID>
		<Name>Quadrilateral</Name>
		<Description>Trapezium, no sides equal, no right angles</Description>
		<sides>4</sides>
		<curvedSide>N</curvedSide>
		<equalSidePair>0</equalSidePair>
		<equalSides>0</equalSides>
		<allSideEqual>N</allSideEqual>
		<rightAngle>0</rightAngle>
		<obtuseAngle>2</obtuseAngle>
		<acuteAngle>2</acuteAngle>
		<reflexAngle>0</reflexAngle>
		<equalAngles>0</equalAngles>
		<allAnglesEqual>N</allAnglesEqual>
		<pairsParallelSides>1</pairsParallelSides>
		<noAngles>4</noAngles>
		<StageUsed>42403</StageUsed>
	</Shape>
	<Shape nos="23">
		<ShapeID>fig023</ShapeID>
		<Name>Quadrilateral</Name>
		<Description>Parallelogram, non-rhombus</Description>
		<sides>4</sides>
		<curvedSide>N</curvedSide>
		<equalSidePair>2</equalSidePair>
		<equalSides>NA</equalSides>
		<allSideEqual>N</allSideEqual>
		<rightAngle>0</rightAngle>
		<obtuseAngle>2</obtuseAngle>
		<acuteAngle>2</acuteAngle>
		<reflexAngle>0</reflexAngle>
		<equalAngles>NA</equalAngles>
		<allAnglesEqual>N</allAnglesEqual>
		<pairsParallelSides>2</pairsParallelSides>
		<noAngles>4</noAngles>
		<StageUsed>3</StageUsed>
	</Shape>
	<Shape nos="24">
		<ShapeID>fig024</ShapeID>
		<Name>Quadrilateral</Name>
		<Description>Rhombus</Description>
		<sides>4</sides>
		<curvedSide>N</curvedSide>
		<equalSidePair>6</equalSidePair>
		<equalSides>4</equalSides>
		<allSideEqual>Y</allSideEqual>
		<rightAngle>0</rightAngle>
		<obtuseAngle>2</obtuseAngle>
		<acuteAngle>2</acuteAngle>
		<reflexAngle>0</reflexAngle>
		<equalAngles>NA</equalAngles>
		<allAnglesEqual>N</allAnglesEqual>
		<pairsParallelSides>2</pairsParallelSides>
		<noAngles>4</noAngles>
		<StageUsed>42372</StageUsed>
	</Shape>
	<Shape nos="25">
		<ShapeID>fig025</ShapeID>
		<Name>Quadrilateral</Name>
		<Description>Rectangle</Description>
		<sides>4</sides>
		<curvedSide>N</curvedSide>
		<equalSidePair>2</equalSidePair>
		<equalSides>NA</equalSides>
		<allSideEqual>N</allSideEqual>
		<rightAngle>4</rightAngle>
		<obtuseAngle>0</obtuseAngle>
		<acuteAngle>0</acuteAngle>
		<reflexAngle>0</reflexAngle>
		<equalAngles>4</equalAngles>
		<allAnglesEqual>Y</allAnglesEqual>
		<pairsParallelSides>2</pairsParallelSides>
		<noAngles>4</noAngles>
		<StageUsed>42372</StageUsed>
	</Shape>
	<Shape nos="26">
		<ShapeID>fig026</ShapeID>
		<Name>Quadrilateral</Name>
		<Description>Square</Description>
		<sides>4</sides>
		<curvedSide>N</curvedSide>
		<equalSidePair>6</equalSidePair>
		<equalSides>4</equalSides>
		<allSideEqual>Y</allSideEqual>
		<rightAngle>4</rightAngle>
		<obtuseAngle>0</obtuseAngle>
		<acuteAngle>0</acuteAngle>
		<reflexAngle>0</reflexAngle>
		<equalAngles>4</equalAngles>
		<allAnglesEqual>Y</allAnglesEqual>
		<pairsParallelSides>2</pairsParallelSides>
		<noAngles>4</noAngles>
		<StageUsed>42403</StageUsed>
	</Shape>
	<Shape nos="27">
		<ShapeID>fig027</ShapeID>
		<Name>Quadrilateral</Name>
		<Description>Kite, 2 pairs of sides equal, no right angle</Description>
		<sides>4</sides>
		<curvedSide>N</curvedSide>
		<equalSidePair>2</equalSidePair>
		<equalSides>NA</equalSides>
		<allSideEqual>N</allSideEqual>
		<rightAngle>0</rightAngle>
		<obtuseAngle>3</obtuseAngle>
		<acuteAngle>1</acuteAngle>
		<reflexAngle>0</reflexAngle>
		<equalAngles>3</equalAngles>
		<allAnglesEqual>N</allAnglesEqual>
		<pairsParallelSides>0</pairsParallelSides>
		<noAngles>4</noAngles>
		<StageUsed>42403</StageUsed>
	</Shape>
	<Shape nos="28">
		<ShapeID>fig028</ShapeID>
		<Name>Quadrilateral</Name>
		<Description>Kite, 2 pairs of sides equal, no right angle</Description>
		<sides>4</sides>
		<curvedSide>N</curvedSide>
		<equalSidePair>2</equalSidePair>
		<equalSides>NA</equalSides>
		<allSideEqual>N</allSideEqual>
		<rightAngle>0</rightAngle>
		<obtuseAngle>1</obtuseAngle>
		<acuteAngle>3</acuteAngle>
		<reflexAngle>0</reflexAngle>
		<equalAngles>2</equalAngles>
		<allAnglesEqual>N</allAnglesEqual>
		<pairsParallelSides>0</pairsParallelSides>
		<noAngles>4</noAngles>
		<StageUsed>42403</StageUsed>
	</Shape>
	<Shape nos="29">
		<ShapeID>fig029</ShapeID>
		<Name>Quadrilateral</Name>
		<Description>Kite, 2 pairs of sides equal,  right angle</Description>
		<sides>4</sides>
		<curvedSide>N</curvedSide>
		<equalSidePair>2</equalSidePair>
		<equalSides>NA</equalSides>
		<allSideEqual>N</allSideEqual>
		<rightAngle>1</rightAngle>
		<obtuseAngle>2</obtuseAngle>
		<acuteAngle>1</acuteAngle>
		<reflexAngle>0</reflexAngle>
		<equalAngles>2</equalAngles>
		<allAnglesEqual>N</allAnglesEqual>
		<pairsParallelSides>0</pairsParallelSides>
		<noAngles>4</noAngles>
		<StageUsed>2</StageUsed>
	</Shape>
	<Shape nos="30">
		<ShapeID>fig030</ShapeID>
		<Name>Pentagon</Name>
		<Description>Concave pentagon, 2 pairs of sides equal, 2 right angles, 1 pair parallel sides</Description>
		<sides>5</sides>
		<curvedSide>N</curvedSide>
		<equalSidePair>2</equalSidePair>
		<equalSides>NA</equalSides>
		<allSideEqual>N</allSideEqual>
		<rightAngle>2</rightAngle>
		<obtuseAngle>0</obtuseAngle>
		<acuteAngle>2</acuteAngle>
		<reflexAngle>1</reflexAngle>
		<equalAngles>NA</equalAngles>
		<allAnglesEqual>N</allAnglesEqual>
		<pairsParallelSides>1</pairsParallelSides>
		<noAngles>5</noAngles>
		<StageUsed>1</StageUsed>
	</Shape>
	<Shape nos="31">
		<ShapeID>fig031</ShapeID>
		<Name>Pentagon</Name>
		<Description>Concave pentagon, 2 pairs of sides equal, no right angles, no pair parallel sides</Description>
		<sides>5</sides>
		<curvedSide>N</curvedSide>
		<equalSidePair>2</equalSidePair>
		<equalSides>NA</equalSides>
		<allSideEqual>N</allSideEqual>
		<rightAngle>0</rightAngle>
		<obtuseAngle>2</obtuseAngle>
		<acuteAngle>2</acuteAngle>
		<reflexAngle>1</reflexAngle>
		<equalAngles>NA</equalAngles>
		<allAnglesEqual>N</allAnglesEqual>
		<pairsParallelSides>0</pairsParallelSides>
		<noAngles>5</noAngles>
		<StageUsed>1</StageUsed>
	</Shape>
	<Shape nos="32">
		<ShapeID>fig032</ShapeID>
		<Name>Pentagon</Name>
		<Description>Concave pentagon, 2 pairs of sides equal, 2 right angles, 2 pair parallel sides</Description>
		<sides>5</sides>
		<curvedSide>N</curvedSide>
		<equalSidePair>2</equalSidePair>
		<equalSides>NA</equalSides>
		<allSideEqual>N</allSideEqual>
		<rightAngle>2</rightAngle>
		<obtuseAngle>0</obtuseAngle>
		<acuteAngle>2</acuteAngle>
		<reflexAngle>1</reflexAngle>
		<equalAngles>NA</equalAngles>
		<allAnglesEqual>N</allAnglesEqual>
		<pairsParallelSides>2</pairsParallelSides>
		<noAngles>7</noAngles>
	</Shape>
	<Shape nos="33">
		<ShapeID>fig033</ShapeID>
		<Name>Pentagon</Name>
		<Description>Concave pentagon, no pairs of sides equal, 1 right angles, no pair parallel sides</Description>
		<sides>5</sides>
		<curvedSide>N</curvedSide>
		<equalSidePair>0</equalSidePair>
		<equalSides>0</equalSides>
		<allSideEqual>N</allSideEqual>
		<rightAngle>1</rightAngle>
		<obtuseAngle>1</obtuseAngle>
		<acuteAngle>2</acuteAngle>
		<reflexAngle>1</reflexAngle>
		<equalAngles>0</equalAngles>
		<allAnglesEqual>N</allAnglesEqual>
		<pairsParallelSides>0</pairsParallelSides>
		<noAngles>5</noAngles>
	</Shape>
	<Shape nos="34">
		<ShapeID>fig034</ShapeID>
		<Name>Pentagon</Name>
		<Description>Concave pentagon, no pairs of sides equal, no right angles,2 pair parallel sides</Description>
		<sides>5</sides>
		<curvedSide>N</curvedSide>
		<equalSidePair>0</equalSidePair>
		<equalSides>0</equalSides>
		<allSideEqual>N</allSideEqual>
		<rightAngle>0</rightAngle>
		<obtuseAngle>1</obtuseAngle>
		<acuteAngle>3</acuteAngle>
		<reflexAngle>1</reflexAngle>
		<equalAngles>3</equalAngles>
		<allAnglesEqual>N</allAnglesEqual>
		<pairsParallelSides>2</pairsParallelSides>
		<noAngles>5</noAngles>
	</Shape>
	<Shape nos="35">
		<ShapeID>fig035</ShapeID>
		<Name>Pentagon</Name>
		<Description>Concave pentagon, no pairs of sides equal, 3 right angles, 2 pair parallel sides</Description>
		<sides>5</sides>
		<curvedSide>N</curvedSide>
		<equalSidePair>0</equalSidePair>
		<equalSides>0</equalSides>
		<allSideEqual>N</allSideEqual>
		<rightAngle>3</rightAngle>
		<obtuseAngle>0</obtuseAngle>
		<acuteAngle>1</acuteAngle>
		<reflexAngle>1</reflexAngle>
		<equalAngles>3</equalAngles>
		<allAnglesEqual>N</allAnglesEqual>
		<pairsParallelSides>2</pairsParallelSides>
		<noAngles>5</noAngles>
	</Shape>
	<Shape nos="36">
		<ShapeID>fig036</ShapeID>
		<Name>Pentagon</Name>
		<Description>Convex pentagon, all sides equal, no right angle, no pairs of sides parallel</Description>
		<sides>5</sides>
		<curvedSide>N</curvedSide>
		<equalSidePair>10</equalSidePair>
		<equalSides>5</equalSides>
		<allSideEqual>Y</allSideEqual>
		<rightAngle>0</rightAngle>
		<obtuseAngle>5</obtuseAngle>
		<acuteAngle>0</acuteAngle>
		<reflexAngle>0</reflexAngle>
		<equalAngles>5</equalAngles>
		<allAnglesEqual>Y</allAnglesEqual>
		<pairsParallelSides>0</pairsParallelSides>
		<noAngles>5</noAngles>
		<StageUsed>1</StageUsed>
	</Shape>
	<Shape nos="37">
		<ShapeID>fig037</ShapeID>
		<Name>Pentagon</Name>
		<Description>Convex pentagon, 2 pairs of sides equal, no right angles, no pairs of sides parallel</Description>
		<sides>5</sides>
		<curvedSide>N</curvedSide>
		<equalSidePair>2</equalSidePair>
		<equalSides>NA</equalSides>
		<allSideEqual>N</allSideEqual>
		<rightAngle>0</rightAngle>
		<obtuseAngle>4</obtuseAngle>
		<acuteAngle>1</acuteAngle>
		<reflexAngle>0</reflexAngle>
		<equalAngles>NA</equalAngles>
		<allAnglesEqual>N</allAnglesEqual>
		<pairsParallelSides>0</pairsParallelSides>
		<noAngles>5</noAngles>
	</Shape>
	<Shape nos="38">
		<ShapeID>fig038</ShapeID>
		<Name>Pentagon</Name>
		<Description>Convex pentagon, 2 pairs of sides equal, 2 right angles, 1 pairs of sides parallel</Description>
		<sides>5</sides>
		<curvedSide>N</curvedSide>
		<equalSidePair>2</equalSidePair>
		<equalSides>NA</equalSides>
		<allSideEqual>N</allSideEqual>
		<rightAngle>2</rightAngle>
		<obtuseAngle>3</obtuseAngle>
		<acuteAngle>0</acuteAngle>
		<reflexAngle>0</reflexAngle>
		<equalAngles>NA</equalAngles>
		<allAnglesEqual>N</allAnglesEqual>
		<pairsParallelSides>1</pairsParallelSides>
		<noAngles>5</noAngles>
	</Shape>
	<Shape nos="39">
		<ShapeID>fig039</ShapeID>
		<Name>Pentagon</Name>
		<Description>Convex pentagon, 2 pairs of sides equal, no right angles, 2 pairs of sides parallel</Description>
		<sides>5</sides>
		<curvedSide>N</curvedSide>
		<equalSidePair>2</equalSidePair>
		<equalSides>NA</equalSides>
		<allSideEqual>N</allSideEqual>
		<rightAngle>0</rightAngle>
		<obtuseAngle>3</obtuseAngle>
		<acuteAngle>2</acuteAngle>
		<reflexAngle>0</reflexAngle>
		<equalAngles>NA</equalAngles>
		<allAnglesEqual>N</allAnglesEqual>
		<pairsParallelSides>2</pairsParallelSides>
		<noAngles>5</noAngles>
	</Shape>
	<Shape nos="40">
		<ShapeID>fig040</ShapeID>
		<Name>Pentagon</Name>
		<Description>Convex pentagon, no pairs of sides equal, no right angles, 1 pairs of sides parallel</Description>
		<sides>5</sides>
		<curvedSide>N</curvedSide>
		<equalSidePair>0</equalSidePair>
		<equalSides>0</equalSides>
		<allSideEqual>N</allSideEqual>
		<rightAngle>0</rightAngle>
		<obtuseAngle>4</obtuseAngle>
		<acuteAngle>1</acuteAngle>
		<reflexAngle>0</reflexAngle>
		<equalAngles>3</equalAngles>
		<allAnglesEqual>N</allAnglesEqual>
		<pairsParallelSides>1</pairsParallelSides>
		<noAngles>5</noAngles>
	</Shape>
	<Shape nos="41">
		<ShapeID>fig041</ShapeID>
		<Name>Pentagon</Name>
		<Description>Convex pentagon, no pairs of sides equal, 3 right angles, 2 pairs of sides parallel</Description>
		<sides>5</sides>
		<curvedSide>N</curvedSide>
		<equalSidePair>0</equalSidePair>
		<equalSides>0</equalSides>
		<allSideEqual>N</allSideEqual>
		<rightAngle>3</rightAngle>
		<obtuseAngle>2</obtuseAngle>
		<acuteAngle>0</acuteAngle>
		<reflexAngle>0</reflexAngle>
		<equalAngles>NA</equalAngles>
		<allAnglesEqual>N</allAnglesEqual>
		<pairsParallelSides>2</pairsParallelSides>
		<noAngles>5</noAngles>
	</Shape>
	<Shape nos="42">
		<ShapeID>fig042</ShapeID>
		<Name>Pentagon</Name>
		<Description>Convex pentagon, 2 pairs of sides equal, 2 right angles, 1 pairs of sides parallel</Description>
		<sides>5</sides>
		<curvedSide>N</curvedSide>
		<equalSidePair>2</equalSidePair>
		<equalSides>NA</equalSides>
		<allSideEqual>N</allSideEqual>
		<rightAngle>2</rightAngle>
		<obtuseAngle>2</obtuseAngle>
		<acuteAngle>1</acuteAngle>
		<reflexAngle>0</reflexAngle>
		<equalAngles>NA</equalAngles>
		<allAnglesEqual>N</allAnglesEqual>
		<pairsParallelSides>1</pairsParallelSides>
		<noAngles>5</noAngles>
	</Shape>
	<Shape nos="43">
		<ShapeID>fig043</ShapeID>
		<Name>Hexagon</Name>
		<Description>Concave hexagon, all sides equal, no right angle, 3 pairs of sides parallel</Description>
		<sides>6</sides>
		<curvedSide>N</curvedSide>
		<equalSidePair>15</equalSidePair>
		<equalSides>6</equalSides>
		<allSideEqual>Y</allSideEqual>
		<rightAngle>0</rightAngle>
		<obtuseAngle>3</obtuseAngle>
		<acuteAngle>2</acuteAngle>
		<reflexAngle>1</reflexAngle>
		<equalAngles>NA</equalAngles>
		<allAnglesEqual>N</allAnglesEqual>
		<pairsParallelSides>3</pairsParallelSides>
		<noAngles>6</noAngles>
	</Shape>
	<Shape nos="44">
		<ShapeID>fig044</ShapeID>
		<Name>Hexagon</Name>
		<Description>Concave hexagon, 3 pairs of sides equal, no right angle, 1 pairs of sides parallel</Description>
		<sides>6</sides>
		<curvedSide>N</curvedSide>
		<equalSidePair>3</equalSidePair>
		<equalSides>NA</equalSides>
		<allSideEqual>N</allSideEqual>
		<rightAngle>0</rightAngle>
		<obtuseAngle>2</obtuseAngle>
		<acuteAngle>3</acuteAngle>
		<reflexAngle>1</reflexAngle>
		<equalAngles>NA</equalAngles>
		<allAnglesEqual>N</allAnglesEqual>
		<pairsParallelSides>1</pairsParallelSides>
		<noAngles>6</noAngles>
	</Shape>
	<Shape nos="45">
		<ShapeID>fig045</ShapeID>
		<Name>Hexagon</Name>
		<Description>Concave hexagon, 2 pairs of sides equal, 2 right angles, 2 pairs of sides parallel</Description>
		<sides>6</sides>
		<curvedSide>N</curvedSide>
		<equalSidePair>2</equalSidePair>
		<equalSides>NA</equalSides>
		<allSideEqual>N</allSideEqual>
		<rightAngle>2</rightAngle>
		<obtuseAngle>0</obtuseAngle>
		<acuteAngle>2</acuteAngle>
		<reflexAngle>2</reflexAngle>
		<equalAngles>NA</equalAngles>
		<allAnglesEqual>N</allAnglesEqual>
		<pairsParallelSides>2</pairsParallelSides>
		<noAngles>6</noAngles>
	</Shape>
	<Shape nos="46">
		<ShapeID>fig046</ShapeID>
		<Name>Hexagon</Name>
		<Description>Concave hexagon, no pairs of sides equal, 2 right angles, 1 pairs of sides parallel</Description>
		<sides>6</sides>
		<curvedSide>N</curvedSide>
		<equalSidePair>0</equalSidePair>
		<equalSides>0</equalSides>
		<allSideEqual>N</allSideEqual>
		<rightAngle>2</rightAngle>
		<obtuseAngle>2</obtuseAngle>
		<acuteAngle>1</acuteAngle>
		<reflexAngle>1</reflexAngle>
		<equalAngles>2</equalAngles>
		<allAnglesEqual>N</allAnglesEqual>
		<pairsParallelSides>1</pairsParallelSides>
		<noAngles>6</noAngles>
	</Shape>
	<Shape nos="47">
		<ShapeID>fig047</ShapeID>
		<Name>Hexagon</Name>
		<Description>Concave hexagon, no pairs of sides equal, 3 right angles, 2 pairs of sides parallel</Description>
		<sides>6</sides>
		<curvedSide>N</curvedSide>
		<equalSidePair>0</equalSidePair>
		<equalSides>0</equalSides>
		<allSideEqual>N</allSideEqual>
		<rightAngle>3</rightAngle>
		<obtuseAngle>0</obtuseAngle>
		<acuteAngle>2</acuteAngle>
		<reflexAngle>1</reflexAngle>
		<equalAngles>3</equalAngles>
		<allAnglesEqual>N</allAnglesEqual>
		<pairsParallelSides>2</pairsParallelSides>
		<noAngles>6</noAngles>
	</Shape>
	<Shape nos="48">
		<ShapeID>fig048</ShapeID>
		<Name>Hexagon</Name>
		<Description>Convex hexagon, all sides equal, no right angle, 3 pairs of sides parallel</Description>
		<sides>6</sides>
		<curvedSide>N</curvedSide>
		<equalSidePair>15</equalSidePair>
		<equalSides>6</equalSides>
		<allSideEqual>Y</allSideEqual>
		<rightAngle>0</rightAngle>
		<obtuseAngle>6</obtuseAngle>
		<acuteAngle>0</acuteAngle>
		<reflexAngle>0</reflexAngle>
		<equalAngles>6</equalAngles>
		<allAnglesEqual>Y</allAnglesEqual>
		<pairsParallelSides>3</pairsParallelSides>
		<noAngles>6</noAngles>
		<StageUsed>1</StageUsed>
	</Shape>
	<Shape nos="49">
		<ShapeID>fig049</ShapeID>
		<Name>Hexagon</Name>
		<Description>Convex hexagon, 3 pairs of sides equal, no right angle, 1 pairs of sides parallel</Description>
		<sides>6</sides>
		<curvedSide>N</curvedSide>
		<equalSidePair>3</equalSidePair>
		<equalSides>NA</equalSides>
		<allSideEqual>N</allSideEqual>
		<rightAngle>0</rightAngle>
		<obtuseAngle>5</obtuseAngle>
		<acuteAngle>1</acuteAngle>
		<reflexAngle>0</reflexAngle>
		<equalAngles>NA</equalAngles>
		<allAnglesEqual>N</allAnglesEqual>
		<pairsParallelSides>1</pairsParallelSides>
		<noAngles>6</noAngles>
	</Shape>
	<Shape nos="50">
		<ShapeID>fig050</ShapeID>
		<Name>Hexagon</Name>
		<Description>Convex hexagon, 2 pairs of sides equal, 2 right angles, 2 pairs of sides parallel</Description>
		<sides>6</sides>
		<curvedSide>N</curvedSide>
		<equalSidePair>2</equalSidePair>
		<equalSides>NA</equalSides>
		<allSideEqual>N</allSideEqual>
		<rightAngle>2</rightAngle>
		<obtuseAngle>4</obtuseAngle>
		<acuteAngle>0</acuteAngle>
		<reflexAngle>0</reflexAngle>
		<equalAngles>NA</equalAngles>
		<allAnglesEqual>N</allAnglesEqual>
		<pairsParallelSides>2</pairsParallelSides>
		<noAngles>6</noAngles>
	</Shape>
	<Shape nos="51">
		<ShapeID>fig051</ShapeID>
		<Name>Hexagon</Name>
		<Description>Convex hexagon, no pairs of sides equal, 2 right angles, 2 pairs of sides parallel</Description>
		<sides>6</sides>
		<curvedSide>N</curvedSide>
		<equalSidePair>0</equalSidePair>
		<equalSides>0</equalSides>
		<allSideEqual>N</allSideEqual>
		<rightAngle>2</rightAngle>
		<obtuseAngle>4</obtuseAngle>
		<acuteAngle>0</acuteAngle>
		<reflexAngle>0</reflexAngle>
		<equalAngles>NA</equalAngles>
		<allAnglesEqual>N</allAnglesEqual>
		<pairsParallelSides>2</pairsParallelSides>
		<noAngles>6</noAngles>
	</Shape>
	<Shape nos="52">
		<ShapeID>fig052</ShapeID>
		<Name>Hexagon</Name>
		<Description>Convex hexagon, no pairs of sides equal, no right angle, no pairs of sides parallel</Description>
		<sides>6</sides>
		<curvedSide>N</curvedSide>
		<equalSidePair>0</equalSidePair>
		<equalSides>0</equalSides>
		<allSideEqual>N</allSideEqual>
		<rightAngle>0</rightAngle>
		<obtuseAngle>6</obtuseAngle>
		<acuteAngle>0</acuteAngle>
		<reflexAngle>0</reflexAngle>
		<equalAngles>3</equalAngles>
		<allAnglesEqual>N</allAnglesEqual>
		<pairsParallelSides>0</pairsParallelSides>
		<noAngles>6</noAngles>
		<StageUsed>1</StageUsed>
	</Shape>
	<Shape nos="53">
		<ShapeID>fig053</ShapeID>
		<Name>Heptagon/Septagon</Name>
		<Description>Convex heptagon, all sides equal, no right angle, no pairs of sides parallel</Description>
		<sides>7</sides>
		<curvedSide>N</curvedSide>
		<equalSidePair>21</equalSidePair>
		<equalSides>7</equalSides>
		<allSideEqual>Y</allSideEqual>
		<rightAngle>0</rightAngle>
		<obtuseAngle>7</obtuseAngle>
		<acuteAngle>0</acuteAngle>
		<reflexAngle>0</reflexAngle>
		<equalAngles>7</equalAngles>
		<allAnglesEqual>Y</allAnglesEqual>
		<pairsParallelSides>0</pairsParallelSides>
		<noAngles>7</noAngles>
	</Shape>
	<Shape nos="54">
		<ShapeID>fig054</ShapeID>
		<Name>Heptagon/Septagon</Name>
		<Description>Convex heptagon, 3 pairs of sides equal, 2 right angles, 1 pairs of sides parallel</Description>
		<sides>7</sides>
		<curvedSide>N</curvedSide>
		<equalSidePair>3</equalSidePair>
		<equalSides>NA</equalSides>
		<allSideEqual>N</allSideEqual>
		<rightAngle>2</rightAngle>
		<obtuseAngle>0</obtuseAngle>
		<acuteAngle>3</acuteAngle>
		<reflexAngle>2</reflexAngle>
		<equalAngles>NA</equalAngles>
		<allAnglesEqual>N</allAnglesEqual>
		<pairsParallelSides>1</pairsParallelSides>
		<noAngles>7</noAngles>
	</Shape>
	<Shape nos="55">
		<ShapeID>fig055</ShapeID>
		<Name>Octagon</Name>
		<Description>Convex octagon, all sides equal, no right angle, 4 pairs of sides parallel</Description>
		<sides>8</sides>
		<curvedSide>N</curvedSide>
		<equalSidePair>28</equalSidePair>
		<equalSides>8</equalSides>
		<allSideEqual>Y</allSideEqual>
		<rightAngle>0</rightAngle>
		<obtuseAngle>8</obtuseAngle>
		<acuteAngle>0</acuteAngle>
		<reflexAngle>0</reflexAngle>
		<equalAngles>8</equalAngles>
		<allAnglesEqual>Y</allAnglesEqual>
		<pairsParallelSides>4</pairsParallelSides>
		<noAngles>8</noAngles>
	</Shape>
	<Shape nos="56">
		<ShapeID>fig056</ShapeID>
		<Name>Octagon</Name>
		<Description>Concave octagon, 4 pairs of sides equal, 2 right angles, 2 pairs of sides parallel</Description>
		<sides>8</sides>
		<curvedSide>N</curvedSide>
		<equalSidePair>4</equalSidePair>
		<equalSides>NA</equalSides>
		<allSideEqual>N</allSideEqual>
		<rightAngle>2</rightAngle>
		<obtuseAngle>2</obtuseAngle>
		<acuteAngle>2</acuteAngle>
		<reflexAngle>2</reflexAngle>
		<equalAngles>NA</equalAngles>
		<allAnglesEqual>N</allAnglesEqual>
		<pairsParallelSides>2</pairsParallelSides>
		<noAngles>8</noAngles>
	</Shape>
	<Shape nos="57">
		<ShapeID>fig057</ShapeID>
		<Name>Octagon</Name>
		<Description>Concave octagon, 4 pairs of sides equal, one right angle, no pairs of sides parallel</Description>
		<sides>8</sides>
		<curvedSide>N</curvedSide>
		<equalSidePair>4</equalSidePair>
		<equalSides>NA</equalSides>
		<allSideEqual>N</allSideEqual>
		<rightAngle>1</rightAngle>
		<obtuseAngle>2</obtuseAngle>
		<acuteAngle>3</acuteAngle>
		<reflexAngle>2</reflexAngle>
		<equalAngles>NA</equalAngles>
		<allAnglesEqual>N</allAnglesEqual>
		<pairsParallelSides>0</pairsParallelSides>
		<noAngles>8</noAngles>
	</Shape>
	<Shape nos="58">
		<ShapeID>fig058</ShapeID>
		<Name>Decagon</Name>
		<Description>Concave decagon, all sides equal, no right angles, no pairs of sides parallel</Description>
		<sides>10</sides>
		<curvedSide>N</curvedSide>
		<equalSidePair>45</equalSidePair>
		<equalSides>10</equalSides>
		<allSideEqual>Y</allSideEqual>
		<rightAngle>0</rightAngle>
		<obtuseAngle>0</obtuseAngle>
		<acuteAngle>5</acuteAngle>
		<reflexAngle>5</reflexAngle>
		<equalAngles>NA</equalAngles>
		<allAnglesEqual>N</allAnglesEqual>
		<pairsParallelSides>0</pairsParallelSides>
		<noAngles>10</noAngles>
	</Shape>
	<Shape nos="59">
		<ShapeID>fig059</ShapeID>
		<Name>Quadrilateral</Name>
		<Description>rectangle 2</Description>
		<sides>4</sides>
		<curvedSide>N</curvedSide>
		<equalSidePair>2</equalSidePair>
		<equalSides>NA</equalSides>
		<allSideEqual>N</allSideEqual>
		<rightAngle>4</rightAngle>
		<obtuseAngle>0</obtuseAngle>
		<acuteAngle>0</acuteAngle>
		<reflexAngle>0</reflexAngle>
		<equalAngles>4</equalAngles>
		<allAnglesEqual>Y</allAnglesEqual>
		<pairsParallelSides>2</pairsParallelSides>
		<noAngles>4</noAngles>
	</Shape>
	<Shape nos="60">
		<ShapeID>fig060</ShapeID>
		<Name>Quadrilateral</Name>
		<Description>parallelogram 2 (non rhombus)</Description>
		<sides>4</sides>
		<curvedSide>N</curvedSide>
		<equalSidePair>2</equalSidePair>
		<equalSides>NA</equalSides>
		<allSideEqual>N</allSideEqual>
		<rightAngle>0</rightAngle>
		<obtuseAngle>2</obtuseAngle>
		<acuteAngle>2</acuteAngle>
		<reflexAngle>0</reflexAngle>
		<equalAngles>NA</equalAngles>
		<allAnglesEqual>N</allAnglesEqual>
		<pairsParallelSides>2</pairsParallelSides>
		<noAngles>6</noAngles>
	</Shape>
	<Shape nos="61">
		<ShapeID>fig061</ShapeID>
		<Name>Quadrilateral</Name>
		<Description>rhombus 2</Description>
		<sides>4</sides>
		<curvedSide>N</curvedSide>
		<equalSidePair>6</equalSidePair>
		<equalSides>4</equalSides>
		<allSideEqual>Y</allSideEqual>
		<rightAngle>0</rightAngle>
		<obtuseAngle>2</obtuseAngle>
		<acuteAngle>2</acuteAngle>
		<reflexAngle>0</reflexAngle>
		<equalAngles>NA</equalAngles>
		<allAnglesEqual>N</allAnglesEqual>
		<pairsParallelSides>2</pairsParallelSides>
		<noAngles>4</noAngles>
	</Shape>
	<Shape nos="62">
		<ShapeID>fig062</ShapeID>
		<Name>C1</Name>
		<sides>0</sides>
		<curvedSide>Y</curvedSide>
		<equalSidePair>NA</equalSidePair>
		<equalSides>0</equalSides>
		<allSideEqual>Y</allSideEqual>
		<rightAngle>0</rightAngle>
		<obtuseAngle>0</obtuseAngle>
		<acuteAngle>0</acuteAngle>
		<reflexAngle>0</reflexAngle>
		<equalAngles>NA</equalAngles>
		<allAnglesEqual>N</allAnglesEqual>
		<pairsParallelSides>0</pairsParallelSides>
		<noAngles>0</noAngles>
	</Shape>
	<Shape nos="63">
		<ShapeID>fig063</ShapeID>
		<Name>C2</Name>
		<sides>0</sides>
		<curvedSide>Y</curvedSide>
		<equalSidePair>NA</equalSidePair>
		<equalSides>0</equalSides>
		<allSideEqual>Y</allSideEqual>
		<rightAngle>0</rightAngle>
		<obtuseAngle>0</obtuseAngle>
		<acuteAngle>0</acuteAngle>
		<reflexAngle>0</reflexAngle>
		<equalAngles>NA</equalAngles>
		<allAnglesEqual>N</allAnglesEqual>
		<pairsParallelSides>0</pairsParallelSides>
		<noAngles>0</noAngles>
	</Shape>
	<Shape nos="64">
		<ShapeID>fig064</ShapeID>
		<Name>C3</Name>
		<sides>0</sides>
		<curvedSide>Y</curvedSide>
		<equalSidePair>NA</equalSidePair>
		<equalSides>0</equalSides>
		<allSideEqual>Y</allSideEqual>
		<rightAngle>0</rightAngle>
		<obtuseAngle>0</obtuseAngle>
		<acuteAngle>0</acuteAngle>
		<reflexAngle>0</reflexAngle>
		<equalAngles>NA</equalAngles>
		<allAnglesEqual>N</allAnglesEqual>
		<pairsParallelSides>0</pairsParallelSides>
		<noAngles>0</noAngles>
	</Shape>
	<Shape nos="65">
		<ShapeID>fig065</ShapeID>
		<Name>C4</Name>
		<sides>1</sides>
		<curvedSide>Y</curvedSide>
		<equalSidePair>NA</equalSidePair>
		<equalSides>0</equalSides>
		<allSideEqual>N</allSideEqual>
		<rightAngle>0</rightAngle>
		<obtuseAngle>0</obtuseAngle>
		<acuteAngle>0</acuteAngle>
		<reflexAngle>0</reflexAngle>
		<equalAngles>NA</equalAngles>
		<allAnglesEqual>N</allAnglesEqual>
		<pairsParallelSides>0</pairsParallelSides>
		<noAngles>0</noAngles>
	</Shape>
	<Shape nos="66">
		<ShapeID>fig066</ShapeID>
		<Name>C6</Name>
		<sides>2</sides>
		<curvedSide>Y</curvedSide>
		<equalSidePair>1</equalSidePair>
		<equalSides>2</equalSides>
		<allSideEqual>Y</allSideEqual>
		<rightAngle>0</rightAngle>
		<obtuseAngle>0</obtuseAngle>
		<acuteAngle>0</acuteAngle>
		<reflexAngle>0</reflexAngle>
		<equalAngles>NA</equalAngles>
		<allAnglesEqual>N</allAnglesEqual>
		<pairsParallelSides>0</pairsParallelSides>
		<noAngles>0</noAngles>
	</Shape>
	<Shape nos="67">
		<ShapeID>fig067</ShapeID>
		<Name>C7</Name>
		<sides>2</sides>
		<curvedSide>Y</curvedSide>
		<equalSidePair>1</equalSidePair>
		<equalSides>2</equalSides>
		<allSideEqual>Y</allSideEqual>
		<rightAngle>0</rightAngle>
		<obtuseAngle>0</obtuseAngle>
		<acuteAngle>1</acuteAngle>
		<reflexAngle>0</reflexAngle>
		<equalAngles>0</equalAngles>
		<allAnglesEqual>NA</allAnglesEqual>
		<pairsParallelSides>0</pairsParallelSides>
		<noAngles>1</noAngles>
	</Shape>
	<Shape nos="68">
		<ShapeID>fig068</ShapeID>
		<Name>C8</Name>
		<sides>3</sides>
		<curvedSide>Y</curvedSide>
		<equalSidePair>1</equalSidePair>
		<equalSides>2</equalSides>
		<allSideEqual>N</allSideEqual>
		<rightAngle>2</rightAngle>
		<obtuseAngle>0</obtuseAngle>
		<acuteAngle>0</acuteAngle>
		<reflexAngle>0</reflexAngle>
		<equalAngles>2</equalAngles>
		<allAnglesEqual>Y</allAnglesEqual>
		<pairsParallelSides>1</pairsParallelSides>
		<noAngles>2</noAngles>
	</Shape>
	<Shape nos="69">
		<ShapeID>fig069</ShapeID>
		<Name>C9</Name>
		<sides>4</sides>
		<curvedSide>Y</curvedSide>
		<equalSidePair>2</equalSidePair>
		<equalSides>NA</equalSides>
		<allSideEqual>N</allSideEqual>
		<rightAngle>1</rightAngle>
		<obtuseAngle>2</obtuseAngle>
		<acuteAngle>0</acuteAngle>
		<reflexAngle>0</reflexAngle>
		<equalAngles>2</equalAngles>
		<allAnglesEqual>N</allAnglesEqual>
		<pairsParallelSides>1</pairsParallelSides>
		<noAngles>3</noAngles>
	</Shape>
	<Shape nos="70">
		<ShapeID>fig070</ShapeID>
		<Name>C10</Name>
		<sides>2</sides>
		<curvedSide>Y</curvedSide>
		<equalSidePair>0</equalSidePair>
		<equalSides>0</equalSides>
		<allSideEqual>N</allSideEqual>
		<rightAngle>0</rightAngle>
		<obtuseAngle>0</obtuseAngle>
		<acuteAngle>0</acuteAngle>
		<reflexAngle>0</reflexAngle>
		<equalAngles>NA</equalAngles>
		<allAnglesEqual>NA</allAnglesEqual>
		<pairsParallelSides>0</pairsParallelSides>
		<noAngles>0</noAngles>
	</Shape>
	<Shape nos="71">
		<ShapeID>fig071</ShapeID>
		<Name>C11</Name>
		<sides>3</sides>
		<curvedSide>Y</curvedSide>
		<equalSidePair>1</equalSidePair>
		<equalSides>2</equalSides>
		<allSideEqual>N</allSideEqual>
		<rightAngle>0</rightAngle>
		<obtuseAngle>2</obtuseAngle>
		<acuteAngle>0</acuteAngle>
		<reflexAngle>0</reflexAngle>
		<equalAngles>2</equalAngles>
		<allAnglesEqual>Y</allAnglesEqual>
		<pairsParallelSides>0</pairsParallelSides>
		<noAngles>2</noAngles>
	</Shape>
</data-set>