<?xml version="1.0" encoding="UTF-8" standalone="yes"?>
 <data-set xmlns:xsi="http://www.w3.org/2001/XMLSchema-instance">
     <question nos="1">
        <bucket1>all</bucket1>
        <bucket2>1</bucket2>
        <bucket3>acute</bucket3>
        <bucket4>angles</bucket4>
		<mergedBucket>angles</mergedBucket>
<fig001>1</fig001>	<fig002>1</fig002>	<fig003>1</fig003>	<fig004>1</fig004>	<fig005>1</fig005>	<fig006>1</fig006>	<fig007>1</fig007>	<fig008>1</fig008>	<fig009>1</fig009>	<fig010>1</fig010>	<fig011>1</fig011>	<fig012>1</fig012>	<fig013>1</fig013>	<fig014>1</fig014>	<fig015>1</fig015>	<fig016>1</fig016>	<fig017>1</fig017>	<fig018>1</fig018>	<fig019>1</fig019>	<fig020>1</fig020>	<fig021>1</fig021>	<fig022>1</fig022>	<fig023>1</fig023>	<fig024>1</fig024>	<fig025>1</fig025>	<fig026>1</fig026>	<fig027>1</fig027>	<fig028>1</fig028>	<fig029>1</fig029>	<fig030>1</fig030>	<fig031>1</fig031>	<fig032>1</fig032>	<fig033>1</fig033>	<fig034>1</fig034>	<fig035>1</fig035>	<fig036>1</fig036>	<fig037>1</fig037>	<fig038>1</fig038>	<fig039>1</fig039>	<fig040>1</fig040>	<fig041>1</fig041>	<fig042>1</fig042>	<fig043>1</fig043>	<fig044>1</fig044>	<fig045>1</fig045>	<fig046>1</fig046>	<fig047>1</fig047>	<fig048>1</fig048>	<fig049>1</fig049>	<fig050>1</fig050>	<fig051>1</fig051>	<fig052>1</fig052>	<fig053>1</fig053>	<fig054>1</fig054>	<fig055>1</fig055>	<fig056>1</fig056>	<fig057>1</fig057>	<fig058>1</fig058>	<fig059>1</fig059>	<fig060>1</fig060>	<fig061>1</fig061>	<fig062>1</fig062>	<fig063>1</fig063>	<fig064>1</fig064>	<fig065>1</fig065>	<fig066>1</fig066>	<fig067>1</fig067>	<fig068>1</fig068>	<fig069>1</fig069>	<fig070>1</fig070>	<fig71>1</fig71>

     </question>
	 <question nos="2">
        <bucket1>atleast</bucket1>
        <bucket2>1</bucket2>
        <bucket3>reflex</bucket3>
        <bucket4>sides</bucket4>
		<mergedBucket>angles</mergedBucket>
		<fig001>1</fig001>	<fig002>1</fig002>	<fig003>1</fig003>	<fig004>1</fig004>	<fig005>1</fig005>	<fig006>1</fig006>	<fig007>1</fig007>	<fig008>1</fig008>	<fig009>1</fig009>	<fig010>1</fig010>	<fig011>1</fig011>	<fig012>1</fig012>	<fig013>1</fig013>	<fig014>1</fig014>	<fig015>1</fig015>	<fig016>1</fig016>	<fig017>1</fig017>	<fig018>1</fig018>	<fig019>1</fig019>	<fig020>1</fig020>	<fig021>1</fig021>	<fig022>1</fig022>	<fig023>1</fig023>	<fig024>1</fig024>	<fig025>1</fig025>	<fig026>1</fig026>	<fig027>1</fig027>	<fig028>1</fig028>	<fig029>1</fig029>	<fig030>1</fig030>	<fig031>1</fig031>	<fig032>1</fig032>	<fig033>1</fig033>	<fig034>1</fig034>	<fig035>1</fig035>	<fig036>1</fig036>	<fig037>1</fig037>	<fig038>1</fig038>	<fig039>1</fig039>	<fig040>1</fig040>	<fig041>1</fig041>	<fig042>1</fig042>	<fig043>1</fig043>	<fig044>1</fig044>	<fig045>1</fig045>	<fig046>1</fig046>	<fig047>1</fig047>	<fig048>1</fig048>	<fig049>1</fig049>	<fig050>1</fig050>	<fig051>1</fig051>	<fig052>1</fig052>	<fig053>1</fig053>	<fig054>1</fig054>	<fig055>1</fig055>	<fig056>1</fig056>	<fig057>1</fig057>	<fig058>1</fig058>	<fig059>1</fig059>	<fig060>1</fig060>	<fig061>1</fig061>	<fig062>1</fig062>	<fig063>1</fig063>	<fig064>1</fig064>	<fig065>1</fig065>	<fig066>1</fig066>	<fig067>1</fig067>	<fig068>1</fig068>	<fig069>1</fig069>	<fig070>1</fig070>	<fig71>1</fig71>
		
     </question>
    
 </data-set>