<?xml version="1.0" encoding="UTF-8" standalone="yes"?>
<data-set xmlns:xsi="http://www.w3.org/2001/XMLSchema-instance">
	<Set set="1">
		<Level>2</Level>
		<stage>1</stage>
		<shapeId>7,8,19,25,36,48</shapeId>
		<Nos>6</Nos>
	</Set>
	<Set set="2">
		<Level>2</Level>
		<stage>1</stage>
		<shapeId>1,15,19,30,31,48</shapeId>
		<Nos>6</Nos>
	</Set>
	<Set set="3">
		<Level>2</Level>
		<stage>1</stage>
		<shapeId>15,20,24,30,48,52</shapeId>
		<Nos>6</Nos>
	</Set>
	<Set set="4">
		<Level>2</Level>
		<stage>2</stage>
		<shapeId>2,3,4,5,6,7</shapeId>
		<Nos>6</Nos>
	</Set>
	<Set set="5">
		<Level>2</Level>
		<stage>2</stage>
		<shapeId>21,22,26,27,28,29</shapeId>
		<Nos>6</Nos>
	</Set>
	<Set set="6">
		<Level>2</Level>
		<stage>3</stage>
		<shapeId>19,20,23,24,25,26,27,28</shapeId>
		<Nos>8</Nos>
	</Set>
	<Set set="7">
		<Level>2</Level>
		<stage>3</stage>
		<shapeId>8,10,11,16,22,26,28</shapeId>
		<Nos>7</Nos>
	</Set>
</data-set>