﻿<?xml version="1.0" encoding="utf-8" ?>
<data>
<mission id="1">

</mission> 
<Question  id="1" type="C1" >
<questionText id="1" cc="2"><![CDATA[Which apartment has the highest Net income and can give you the best returns?]]></questionText>                  
    <options>
             <option id="1">
                <optionText><![CDATA[Green Shades]]></optionText>
            </option>
            <option id="2">
                <optionText><![CDATA[Purple Mists]]></optionText>
            </option>
            <option id="3">
                <optionText><![CDATA[Yellow Ferns]]></optionText>
            </option>
    </options>
</Question>	

	
	

</data>